graph,label
<stellargraph.core.graph.StellarGraph object at 0x000001F7F12987F0>,1
<stellargraph.core.graph.StellarGraph object at 0x000001F7F12983D0>,1
<stellargraph.core.graph.StellarGraph object at 0x000001F7F1298B20>,1
<stellargraph.core.graph.StellarGraph object at 0x000001F7F1298FA0>,1
<stellargraph.core.graph.StellarGraph object at 0x000001F7F1298AF0>,1
<stellargraph.core.graph.StellarGraph object at 0x000001F7F1298370>,1
<stellargraph.core.graph.StellarGraph object at 0x000001F7F1298E80>,1
<stellargraph.core.graph.StellarGraph object at 0x000001F7F1298340>,1
<stellargraph.core.graph.StellarGraph object at 0x000001F7F12BEB80>,1
<stellargraph.core.graph.StellarGraph object at 0x000001F7F12BEF10>,1
<stellargraph.core.graph.StellarGraph object at 0x000001F7F0E74AF0>,1
<stellargraph.core.graph.StellarGraph object at 0x000001F7F0E74FD0>,1
<stellargraph.core.graph.StellarGraph object at 0x000001F7F0E74EB0>,1
<stellargraph.core.graph.StellarGraph object at 0x000001F7F0E7BAF0>,1
<stellargraph.core.graph.StellarGraph object at 0x000001F7F0E7BFD0>,1
<stellargraph.core.graph.StellarGraph object at 0x000001F7F0E7BEB0>,1
<stellargraph.core.graph.StellarGraph object at 0x000001F7F0E7FAF0>,1
<stellargraph.core.graph.StellarGraph object at 0x000001F7F0E7FFD0>,1
<stellargraph.core.graph.StellarGraph object at 0x000001F7F0E7FEB0>,1
<stellargraph.core.graph.StellarGraph object at 0x000001F7F0E86AF0>,1
<stellargraph.core.graph.StellarGraph object at 0x000001F7F0E86FD0>,1
<stellargraph.core.graph.StellarGraph object at 0x000001F7F0E86EB0>,1
<stellargraph.core.graph.StellarGraph object at 0x000001F7F0E8BAF0>,1
<stellargraph.core.graph.StellarGraph object at 0x000001F7F0E8BFD0>,1
<stellargraph.core.graph.StellarGraph object at 0x000001F7F0E8BEB0>,1
<stellargraph.core.graph.StellarGraph object at 0x000001F7F0E91AF0>,1
<stellargraph.core.graph.StellarGraph object at 0x000001F7F0E91FD0>,1
<stellargraph.core.graph.StellarGraph object at 0x000001F7F0E91EB0>,1
<stellargraph.core.graph.StellarGraph object at 0x000001F7F0E96AF0>,1
<stellargraph.core.graph.StellarGraph object at 0x000001F7F0E96FA0>,1
<stellargraph.core.graph.StellarGraph object at 0x000001F7F0E96F10>,1
<stellargraph.core.graph.StellarGraph object at 0x000001F7F0E9CB20>,1
<stellargraph.core.graph.StellarGraph object at 0x000001F7F0E9CFA0>,1
<stellargraph.core.graph.StellarGraph object at 0x000001F7F0E9CF10>,1
<stellargraph.core.graph.StellarGraph object at 0x000001F7F0EA3B20>,1
<stellargraph.core.graph.StellarGraph object at 0x000001F7F0EA3FA0>,1
<stellargraph.core.graph.StellarGraph object at 0x000001F7F0EA3F10>,1
<stellargraph.core.graph.StellarGraph object at 0x000001F7F0EA9B20>,1
<stellargraph.core.graph.StellarGraph object at 0x000001F7F0EA9FA0>,1
<stellargraph.core.graph.StellarGraph object at 0x000001F7F0EA9F10>,1
<stellargraph.core.graph.StellarGraph object at 0x000001F7F0EADB20>,1
<stellargraph.core.graph.StellarGraph object at 0x000001F7F0EADFA0>,1
<stellargraph.core.graph.StellarGraph object at 0x000001F7F0EADF10>,1
<stellargraph.core.graph.StellarGraph object at 0x000001F7F0EB3B20>,1
<stellargraph.core.graph.StellarGraph object at 0x000001F7F0EB3FA0>,1
<stellargraph.core.graph.StellarGraph object at 0x000001F7F0EB3F10>,1
<stellargraph.core.graph.StellarGraph object at 0x000001F7F0EB8B20>,1
<stellargraph.core.graph.StellarGraph object at 0x000001F7F0EB8FA0>,1
<stellargraph.core.graph.StellarGraph object at 0x000001F7F0EB8F10>,1
<stellargraph.core.graph.StellarGraph object at 0x000001F7F0EBEB20>,1
<stellargraph.core.graph.StellarGraph object at 0x000001F7F0EBEFA0>,1
<stellargraph.core.graph.StellarGraph object at 0x000001F7F0EBEF10>,1
<stellargraph.core.graph.StellarGraph object at 0x000001F7F0EC3B20>,1
<stellargraph.core.graph.StellarGraph object at 0x000001F7F0EC3FA0>,1
<stellargraph.core.graph.StellarGraph object at 0x000001F7F0EC3F10>,1
<stellargraph.core.graph.StellarGraph object at 0x000001F7F0ECBB20>,1
<stellargraph.core.graph.StellarGraph object at 0x000001F7F0ECBFA0>,1
<stellargraph.core.graph.StellarGraph object at 0x000001F7F0ECBF10>,1
<stellargraph.core.graph.StellarGraph object at 0x000001F7F0ED0B20>,1
<stellargraph.core.graph.StellarGraph object at 0x000001F7F0ED0FA0>,1
<stellargraph.core.graph.StellarGraph object at 0x000001F7F0ED0F10>,1
<stellargraph.core.graph.StellarGraph object at 0x000001F7F0ED5B20>,1
<stellargraph.core.graph.StellarGraph object at 0x000001F7F0ED5FA0>,1
<stellargraph.core.graph.StellarGraph object at 0x000001F7F0ED5F10>,1
<stellargraph.core.graph.StellarGraph object at 0x000001F7F0EDAB20>,1
<stellargraph.core.graph.StellarGraph object at 0x000001F7F0EDAFA0>,1
<stellargraph.core.graph.StellarGraph object at 0x000001F7F0EDAF10>,1
<stellargraph.core.graph.StellarGraph object at 0x000001F7F0EDFB20>,1
<stellargraph.core.graph.StellarGraph object at 0x000001F7F0EDFFA0>,1
<stellargraph.core.graph.StellarGraph object at 0x000001F7F0EDFF10>,1
<stellargraph.core.graph.StellarGraph object at 0x000001F7F0EE6B20>,1
<stellargraph.core.graph.StellarGraph object at 0x000001F7F0EE6FA0>,1
<stellargraph.core.graph.StellarGraph object at 0x000001F7F0EE6F10>,1
<stellargraph.core.graph.StellarGraph object at 0x000001F7F0EEAB20>,1
<stellargraph.core.graph.StellarGraph object at 0x000001F7F0EEAFA0>,1
<stellargraph.core.graph.StellarGraph object at 0x000001F7F0EEAF10>,1
<stellargraph.core.graph.StellarGraph object at 0x000001F7F0EF0B20>,1
<stellargraph.core.graph.StellarGraph object at 0x000001F7F0EF0FA0>,1
<stellargraph.core.graph.StellarGraph object at 0x000001F7F0EF0F10>,1
<stellargraph.core.graph.StellarGraph object at 0x000001F7F0EF5B20>,1
<stellargraph.core.graph.StellarGraph object at 0x000001F7F0EF5FA0>,1
<stellargraph.core.graph.StellarGraph object at 0x000001F7F0EFCE50>,1
<stellargraph.core.graph.StellarGraph object at 0x000001F7F0EFCB20>,1
<stellargraph.core.graph.StellarGraph object at 0x000001F7F0EFCF40>,1
<stellargraph.core.graph.StellarGraph object at 0x000001F7F0EFCF10>,1
<stellargraph.core.graph.StellarGraph object at 0x000001F7F0F01A60>,1
<stellargraph.core.graph.StellarGraph object at 0x000001F7F0F01FD0>,1
<stellargraph.core.graph.StellarGraph object at 0x000001F7F0F01F70>,1
<stellargraph.core.graph.StellarGraph object at 0x000001F7F0F08B50>,1
<stellargraph.core.graph.StellarGraph object at 0x000001F7F0F08FD0>,1
<stellargraph.core.graph.StellarGraph object at 0x000001F7F0F08F70>,1
<stellargraph.core.graph.StellarGraph object at 0x000001F7F0F0DB50>,1
<stellargraph.core.graph.StellarGraph object at 0x000001F7F0F0DFD0>,1
<stellargraph.core.graph.StellarGraph object at 0x000001F7F0F0DF70>,1
<stellargraph.core.graph.StellarGraph object at 0x000001F7F0F12B50>,1
<stellargraph.core.graph.StellarGraph object at 0x000001F7F0F12FD0>,1
<stellargraph.core.graph.StellarGraph object at 0x000001F7F0F12F70>,1
<stellargraph.core.graph.StellarGraph object at 0x000001F7F0F18B50>,1
<stellargraph.core.graph.StellarGraph object at 0x000001F7F0F18FD0>,1
<stellargraph.core.graph.StellarGraph object at 0x000001F7F0F18F70>,1
<stellargraph.core.graph.StellarGraph object at 0x000001F7F0F1DB50>,1
<stellargraph.core.graph.StellarGraph object at 0x000001F7F0F1DFD0>,1
<stellargraph.core.graph.StellarGraph object at 0x000001F7F0F1DF70>,1
<stellargraph.core.graph.StellarGraph object at 0x000001F7F0F22B50>,1
<stellargraph.core.graph.StellarGraph object at 0x000001F7F0F22F40>,1
<stellargraph.core.graph.StellarGraph object at 0x000001F7F0F22D30>,1
<stellargraph.core.graph.StellarGraph object at 0x000001F7F0F27BB0>,1
<stellargraph.core.graph.StellarGraph object at 0x000001F7F0F27F40>,1
<stellargraph.core.graph.StellarGraph object at 0x000001F7F0F27D30>,1
<stellargraph.core.graph.StellarGraph object at 0x000001F7F0F2EBB0>,1
<stellargraph.core.graph.StellarGraph object at 0x000001F7F0F2EF40>,1
<stellargraph.core.graph.StellarGraph object at 0x000001F7F0F2ED30>,1
<stellargraph.core.graph.StellarGraph object at 0x000001F7F0F34BB0>,1
<stellargraph.core.graph.StellarGraph object at 0x000001F7F0F34F40>,1
<stellargraph.core.graph.StellarGraph object at 0x000001F7F0F34D30>,1
<stellargraph.core.graph.StellarGraph object at 0x000001F7F0F39BB0>,1
<stellargraph.core.graph.StellarGraph object at 0x000001F7F0F39F40>,1
<stellargraph.core.graph.StellarGraph object at 0x000001F7F0F39D30>,1
<stellargraph.core.graph.StellarGraph object at 0x000001F7F0F40BB0>,1
<stellargraph.core.graph.StellarGraph object at 0x000001F7F0F40F40>,1
<stellargraph.core.graph.StellarGraph object at 0x000001F7F0F40D30>,1
<stellargraph.core.graph.StellarGraph object at 0x000001F7F0F44BB0>,1
<stellargraph.core.graph.StellarGraph object at 0x000001F7F0F44F40>,1
<stellargraph.core.graph.StellarGraph object at 0x000001F7F0F44D30>,1
<stellargraph.core.graph.StellarGraph object at 0x000001F7F0F4ABB0>,1
<stellargraph.core.graph.StellarGraph object at 0x000001F7F0F4AF40>,1
<stellargraph.core.graph.StellarGraph object at 0x000001F7F0F4AD30>,1
<stellargraph.core.graph.StellarGraph object at 0x000001F7F0F51BB0>,1
<stellargraph.core.graph.StellarGraph object at 0x000001F7F0F51F40>,1
<stellargraph.core.graph.StellarGraph object at 0x000001F7F0F55F70>,1
<stellargraph.core.graph.StellarGraph object at 0x000001F7F0F55820>,1
<stellargraph.core.graph.StellarGraph object at 0x000001F7F0F55FA0>,1
<stellargraph.core.graph.StellarGraph object at 0x000001F7F0F5BF70>,1
<stellargraph.core.graph.StellarGraph object at 0x000001F7F0F5B820>,1
<stellargraph.core.graph.StellarGraph object at 0x000001F7F0F5BFA0>,1
<stellargraph.core.graph.StellarGraph object at 0x000001F7F0F60F70>,1
<stellargraph.core.graph.StellarGraph object at 0x000001F7F0F60820>,1
<stellargraph.core.graph.StellarGraph object at 0x000001F7F0F60FA0>,1
<stellargraph.core.graph.StellarGraph object at 0x000001F7F0F66F70>,1
<stellargraph.core.graph.StellarGraph object at 0x000001F7F0F66820>,1
<stellargraph.core.graph.StellarGraph object at 0x000001F7F0F66FA0>,1
<stellargraph.core.graph.StellarGraph object at 0x000001F7F0F6AF70>,1
<stellargraph.core.graph.StellarGraph object at 0x000001F7F0F6A820>,1
<stellargraph.core.graph.StellarGraph object at 0x000001F7F0F6AFA0>,1
<stellargraph.core.graph.StellarGraph object at 0x000001F7F0F71F70>,1
<stellargraph.core.graph.StellarGraph object at 0x000001F7F0F71820>,1
<stellargraph.core.graph.StellarGraph object at 0x000001F7F0F71FA0>,1
<stellargraph.core.graph.StellarGraph object at 0x000001F7F0F77F70>,1
<stellargraph.core.graph.StellarGraph object at 0x000001F7F0F77820>,1
<stellargraph.core.graph.StellarGraph object at 0x000001F7F0F77FA0>,1
<stellargraph.core.graph.StellarGraph object at 0x000001F7F0F7CF70>,1
<stellargraph.core.graph.StellarGraph object at 0x000001F7F0F7C820>,1
<stellargraph.core.graph.StellarGraph object at 0x000001F7F0F7CFA0>,1
<stellargraph.core.graph.StellarGraph object at 0x000001F7F0F82F70>,1
<stellargraph.core.graph.StellarGraph object at 0x000001F7F0F82820>,1
<stellargraph.core.graph.StellarGraph object at 0x000001F7F0F82FA0>,1
<stellargraph.core.graph.StellarGraph object at 0x000001F7F0F88F70>,1
<stellargraph.core.graph.StellarGraph object at 0x000001F7F0F88820>,1
<stellargraph.core.graph.StellarGraph object at 0x000001F7F0F88FA0>,1
<stellargraph.core.graph.StellarGraph object at 0x000001F7F0F8EF70>,1
<stellargraph.core.graph.StellarGraph object at 0x000001F7F0F8E820>,1
<stellargraph.core.graph.StellarGraph object at 0x000001F7F0F8EFA0>,1
<stellargraph.core.graph.StellarGraph object at 0x000001F7F0F93F70>,1
<stellargraph.core.graph.StellarGraph object at 0x000001F7F0F93820>,1
<stellargraph.core.graph.StellarGraph object at 0x000001F7F0F93FA0>,1
<stellargraph.core.graph.StellarGraph object at 0x000001F7F0F97F70>,1
<stellargraph.core.graph.StellarGraph object at 0x000001F7F0F97820>,1
<stellargraph.core.graph.StellarGraph object at 0x000001F7F0F97FA0>,1
<stellargraph.core.graph.StellarGraph object at 0x000001F7F0F9EF70>,1
<stellargraph.core.graph.StellarGraph object at 0x000001F7F0F9ED60>,1
<stellargraph.core.graph.StellarGraph object at 0x000001F7F0F9EFA0>,1
<stellargraph.core.graph.StellarGraph object at 0x000001F7F0FA2D90>,1
<stellargraph.core.graph.StellarGraph object at 0x000001F7F0FA2A30>,1
<stellargraph.core.graph.StellarGraph object at 0x000001F7F0FA2FD0>,1
<stellargraph.core.graph.StellarGraph object at 0x000001F7F0FAAA60>,1
<stellargraph.core.graph.StellarGraph object at 0x000001F7F0FAAB80>,1
<stellargraph.core.graph.StellarGraph object at 0x000001F7F0FAAFA0>,1
<stellargraph.core.graph.StellarGraph object at 0x000001F7F0FAFCA0>,1
<stellargraph.core.graph.StellarGraph object at 0x000001F7F0FAFBE0>,1
<stellargraph.core.graph.StellarGraph object at 0x000001F7F0FAFFA0>,1
<stellargraph.core.graph.StellarGraph object at 0x000001F7F0FB6CA0>,1
<stellargraph.core.graph.StellarGraph object at 0x000001F7F0FB6BE0>,1
<stellargraph.core.graph.StellarGraph object at 0x000001F7F0FB6FA0>,1
<stellargraph.core.graph.StellarGraph object at 0x000001F7F0FBACA0>,1
<stellargraph.core.graph.StellarGraph object at 0x000001F7F0FBABE0>,1
<stellargraph.core.graph.StellarGraph object at 0x000001F7F0FBAFA0>,1
<stellargraph.core.graph.StellarGraph object at 0x000001F7F0FC0CA0>,1
<stellargraph.core.graph.StellarGraph object at 0x000001F7F0FC0BE0>,1
<stellargraph.core.graph.StellarGraph object at 0x000001F7F0FC0FA0>,1
<stellargraph.core.graph.StellarGraph object at 0x000001F7F0FC5CA0>,1
<stellargraph.core.graph.StellarGraph object at 0x000001F7F0FC5BE0>,1
<stellargraph.core.graph.StellarGraph object at 0x000001F7F0FC5FA0>,1
<stellargraph.core.graph.StellarGraph object at 0x000001F7F0FCCCA0>,1
<stellargraph.core.graph.StellarGraph object at 0x000001F7F0FCCBE0>,1
<stellargraph.core.graph.StellarGraph object at 0x000001F7F0FCCFA0>,1
<stellargraph.core.graph.StellarGraph object at 0x000001F7F0FD1CA0>,1
<stellargraph.core.graph.StellarGraph object at 0x000001F7F0FD1BE0>,1
<stellargraph.core.graph.StellarGraph object at 0x000001F7F0FD1FA0>,1
<stellargraph.core.graph.StellarGraph object at 0x000001F7F0FD7CA0>,1
<stellargraph.core.graph.StellarGraph object at 0x000001F7F0FD7BE0>,1
<stellargraph.core.graph.StellarGraph object at 0x000001F7F0FD7FA0>,1
<stellargraph.core.graph.StellarGraph object at 0x000001F7F0FDCCA0>,1
<stellargraph.core.graph.StellarGraph object at 0x000001F7F0FDCBE0>,1
<stellargraph.core.graph.StellarGraph object at 0x000001F7F0FDCE50>,1
<stellargraph.core.graph.StellarGraph object at 0x000001F7F0FE1CD0>,1
<stellargraph.core.graph.StellarGraph object at 0x000001F7F0FE1C10>,1
<stellargraph.core.graph.StellarGraph object at 0x000001F7F0FE13A0>,1
<stellargraph.core.graph.StellarGraph object at 0x000001F7F0FE8D30>,1
<stellargraph.core.graph.StellarGraph object at 0x000001F7F0FE8C70>,1
<stellargraph.core.graph.StellarGraph object at 0x000001F7F0FE8400>,1
<stellargraph.core.graph.StellarGraph object at 0x000001F7F0FEED90>,1
<stellargraph.core.graph.StellarGraph object at 0x000001F7F0FEECD0>,1
<stellargraph.core.graph.StellarGraph object at 0x000001F7F0FEE460>,1
<stellargraph.core.graph.StellarGraph object at 0x000001F7F0FF4D90>,1
<stellargraph.core.graph.StellarGraph object at 0x000001F7F0FF4CD0>,1
<stellargraph.core.graph.StellarGraph object at 0x000001F7F0FF4460>,1
<stellargraph.core.graph.StellarGraph object at 0x000001F7F0FFAD90>,1
<stellargraph.core.graph.StellarGraph object at 0x000001F7F0FFACD0>,1
<stellargraph.core.graph.StellarGraph object at 0x000001F7F0FFA460>,1
<stellargraph.core.graph.StellarGraph object at 0x000001F7F0FFFD90>,1
<stellargraph.core.graph.StellarGraph object at 0x000001F7F0FFFCD0>,1
<stellargraph.core.graph.StellarGraph object at 0x000001F7F0FFF460>,1
<stellargraph.core.graph.StellarGraph object at 0x000001F7F1005D90>,1
<stellargraph.core.graph.StellarGraph object at 0x000001F7F1005CD0>,1
<stellargraph.core.graph.StellarGraph object at 0x000001F7F1005460>,1
<stellargraph.core.graph.StellarGraph object at 0x000001F7F100AD90>,1
<stellargraph.core.graph.StellarGraph object at 0x000001F7F100ACD0>,1
<stellargraph.core.graph.StellarGraph object at 0x000001F7F100A460>,1
<stellargraph.core.graph.StellarGraph object at 0x000001F7F100FD90>,1
<stellargraph.core.graph.StellarGraph object at 0x000001F7F100FCD0>,1
<stellargraph.core.graph.StellarGraph object at 0x000001F7F100F460>,1
<stellargraph.core.graph.StellarGraph object at 0x000001F7F1015D90>,1
<stellargraph.core.graph.StellarGraph object at 0x000001F7F1015CD0>,1
<stellargraph.core.graph.StellarGraph object at 0x000001F7F1015460>,1
<stellargraph.core.graph.StellarGraph object at 0x000001F7F1019D90>,1
<stellargraph.core.graph.StellarGraph object at 0x000001F7F1019CD0>,1
<stellargraph.core.graph.StellarGraph object at 0x000001F7F1019460>,1
<stellargraph.core.graph.StellarGraph object at 0x000001F7F1021D90>,1
<stellargraph.core.graph.StellarGraph object at 0x000001F7F1021CD0>,1
<stellargraph.core.graph.StellarGraph object at 0x000001F7F1021460>,1
<stellargraph.core.graph.StellarGraph object at 0x000001F7F1026D90>,1
<stellargraph.core.graph.StellarGraph object at 0x000001F7F1026CD0>,1
<stellargraph.core.graph.StellarGraph object at 0x000001F7F1026460>,1
<stellargraph.core.graph.StellarGraph object at 0x000001F7F102DD90>,1
<stellargraph.core.graph.StellarGraph object at 0x000001F7F102DCD0>,1
<stellargraph.core.graph.StellarGraph object at 0x000001F7F102D460>,1
<stellargraph.core.graph.StellarGraph object at 0x000001F7F1031D90>,1
<stellargraph.core.graph.StellarGraph object at 0x000001F7F1031CD0>,1
<stellargraph.core.graph.StellarGraph object at 0x000001F7F1031460>,1
<stellargraph.core.graph.StellarGraph object at 0x000001F7F1037D90>,1
<stellargraph.core.graph.StellarGraph object at 0x000001F7F1037CD0>,1
<stellargraph.core.graph.StellarGraph object at 0x000001F7F1037460>,1
<stellargraph.core.graph.StellarGraph object at 0x000001F7F103CD90>,1
<stellargraph.core.graph.StellarGraph object at 0x000001F7F103CCD0>,1
<stellargraph.core.graph.StellarGraph object at 0x000001F7F103C460>,1
<stellargraph.core.graph.StellarGraph object at 0x000001F7F1041D90>,1
<stellargraph.core.graph.StellarGraph object at 0x000001F7F1041CD0>,1
<stellargraph.core.graph.StellarGraph object at 0x000001F7F1041460>,1
<stellargraph.core.graph.StellarGraph object at 0x000001F7F1047DF0>,1
<stellargraph.core.graph.StellarGraph object at 0x000001F7F1047D30>,1
<stellargraph.core.graph.StellarGraph object at 0x000001F7F1047490>,1
<stellargraph.core.graph.StellarGraph object at 0x000001F7F104EE20>,1
<stellargraph.core.graph.StellarGraph object at 0x000001F7F104ED60>,1
<stellargraph.core.graph.StellarGraph object at 0x000001F7F104E4F0>,1
<stellargraph.core.graph.StellarGraph object at 0x000001F7F1052E20>,1
<stellargraph.core.graph.StellarGraph object at 0x000001F7F1052D60>,1
<stellargraph.core.graph.StellarGraph object at 0x000001F7F10524F0>,1
<stellargraph.core.graph.StellarGraph object at 0x000001F7F1058E20>,1
<stellargraph.core.graph.StellarGraph object at 0x000001F7F1058D60>,1
<stellargraph.core.graph.StellarGraph object at 0x000001F7F10584F0>,1
<stellargraph.core.graph.StellarGraph object at 0x000001F7F105EE20>,1
<stellargraph.core.graph.StellarGraph object at 0x000001F7F105ED60>,1
<stellargraph.core.graph.StellarGraph object at 0x000001F7F105E4F0>,1
<stellargraph.core.graph.StellarGraph object at 0x000001F7F1064E20>,1
<stellargraph.core.graph.StellarGraph object at 0x000001F7F1064D60>,1
<stellargraph.core.graph.StellarGraph object at 0x000001F7F10644F0>,1
<stellargraph.core.graph.StellarGraph object at 0x000001F7F106AE20>,1
<stellargraph.core.graph.StellarGraph object at 0x000001F7F106AD60>,1
<stellargraph.core.graph.StellarGraph object at 0x000001F7F106A4F0>,1
<stellargraph.core.graph.StellarGraph object at 0x000001F7F106FE20>,1
<stellargraph.core.graph.StellarGraph object at 0x000001F7F106FD60>,1
<stellargraph.core.graph.StellarGraph object at 0x000001F7F106F4F0>,1
<stellargraph.core.graph.StellarGraph object at 0x000001F7F1075E20>,1
<stellargraph.core.graph.StellarGraph object at 0x000001F7F1075D60>,1
<stellargraph.core.graph.StellarGraph object at 0x000001F7F10754F0>,1
<stellargraph.core.graph.StellarGraph object at 0x000001F7F107AE20>,1
<stellargraph.core.graph.StellarGraph object at 0x000001F7F107AD60>,1
<stellargraph.core.graph.StellarGraph object at 0x000001F7F107A4F0>,1
<stellargraph.core.graph.StellarGraph object at 0x000001F7F107FE20>,1
<stellargraph.core.graph.StellarGraph object at 0x000001F7F107FD60>,1
<stellargraph.core.graph.StellarGraph object at 0x000001F7F107F4F0>,1
<stellargraph.core.graph.StellarGraph object at 0x000001F7F1085E20>,1
<stellargraph.core.graph.StellarGraph object at 0x000001F7F1085D60>,1
<stellargraph.core.graph.StellarGraph object at 0x000001F7F10854F0>,1
<stellargraph.core.graph.StellarGraph object at 0x000001F7F108BE20>,1
<stellargraph.core.graph.StellarGraph object at 0x000001F7F108BD60>,1
<stellargraph.core.graph.StellarGraph object at 0x000001F7F108B4F0>,1
<stellargraph.core.graph.StellarGraph object at 0x000001F7F1091E20>,1
<stellargraph.core.graph.StellarGraph object at 0x000001F7F1091D60>,1
<stellargraph.core.graph.StellarGraph object at 0x000001F7F10914F0>,1
<stellargraph.core.graph.StellarGraph object at 0x000001F7F1096E20>,1
<stellargraph.core.graph.StellarGraph object at 0x000001F7F1096D60>,1
<stellargraph.core.graph.StellarGraph object at 0x000001F7F10964F0>,1
<stellargraph.core.graph.StellarGraph object at 0x000001F7F109CE20>,1
<stellargraph.core.graph.StellarGraph object at 0x000001F7F109CD60>,1
<stellargraph.core.graph.StellarGraph object at 0x000001F7F109C4F0>,1
<stellargraph.core.graph.StellarGraph object at 0x000001F7F10A1E20>,1
<stellargraph.core.graph.StellarGraph object at 0x000001F7F10A1D60>,1
<stellargraph.core.graph.StellarGraph object at 0x000001F7F10A14F0>,1
<stellargraph.core.graph.StellarGraph object at 0x000001F7F10A6E20>,1
<stellargraph.core.graph.StellarGraph object at 0x000001F7F10A6D60>,1
<stellargraph.core.graph.StellarGraph object at 0x000001F7F10A64F0>,1
<stellargraph.core.graph.StellarGraph object at 0x000001F7F10ADE20>,1
<stellargraph.core.graph.StellarGraph object at 0x000001F7F10ADD60>,1
<stellargraph.core.graph.StellarGraph object at 0x000001F7F10AD4F0>,1
<stellargraph.core.graph.StellarGraph object at 0x000001F7F10B2E20>,1
<stellargraph.core.graph.StellarGraph object at 0x000001F7F10B2D60>,1
<stellargraph.core.graph.StellarGraph object at 0x000001F7F10B24F0>,1
<stellargraph.core.graph.StellarGraph object at 0x000001F7F10B8E20>,1
<stellargraph.core.graph.StellarGraph object at 0x000001F7F10B8D60>,1
<stellargraph.core.graph.StellarGraph object at 0x000001F7F10B84F0>,1
<stellargraph.core.graph.StellarGraph object at 0x000001F7F10BCE20>,1
<stellargraph.core.graph.StellarGraph object at 0x000001F7F10BCD60>,1
<stellargraph.core.graph.StellarGraph object at 0x000001F7F10BC4F0>,1
<stellargraph.core.graph.StellarGraph object at 0x000001F7F10C3E20>,1
<stellargraph.core.graph.StellarGraph object at 0x000001F7F10C3D60>,1
<stellargraph.core.graph.StellarGraph object at 0x000001F7F10C34F0>,1
<stellargraph.core.graph.StellarGraph object at 0x000001F7F10C7E20>,1
<stellargraph.core.graph.StellarGraph object at 0x000001F7F10C7D60>,1
<stellargraph.core.graph.StellarGraph object at 0x000001F7F10C74F0>,1
<stellargraph.core.graph.StellarGraph object at 0x000001F7F10CEE20>,1
<stellargraph.core.graph.StellarGraph object at 0x000001F7F10CED60>,1
<stellargraph.core.graph.StellarGraph object at 0x000001F7F10CE4F0>,1
<stellargraph.core.graph.StellarGraph object at 0x000001F7F10D4E20>,1
<stellargraph.core.graph.StellarGraph object at 0x000001F7F10D4D60>,1
<stellargraph.core.graph.StellarGraph object at 0x000001F7F10D44F0>,1
<stellargraph.core.graph.StellarGraph object at 0x000001F7F10DAE20>,1
<stellargraph.core.graph.StellarGraph object at 0x000001F7F10DAD60>,1
<stellargraph.core.graph.StellarGraph object at 0x000001F7F10DA4F0>,1
<stellargraph.core.graph.StellarGraph object at 0x000001F7F10DFE20>,1
<stellargraph.core.graph.StellarGraph object at 0x000001F7F10DFD60>,1
<stellargraph.core.graph.StellarGraph object at 0x000001F7F10DF4F0>,1
<stellargraph.core.graph.StellarGraph object at 0x000001F7F10E4E20>,1
<stellargraph.core.graph.StellarGraph object at 0x000001F7F10E4D60>,1
<stellargraph.core.graph.StellarGraph object at 0x000001F7F10E44F0>,1
<stellargraph.core.graph.StellarGraph object at 0x000001F7F10EAE20>,1
<stellargraph.core.graph.StellarGraph object at 0x000001F7F10EAD60>,1
<stellargraph.core.graph.StellarGraph object at 0x000001F7F10EA4F0>,1
<stellargraph.core.graph.StellarGraph object at 0x000001F7F10F1E20>,1
<stellargraph.core.graph.StellarGraph object at 0x000001F7F10F1D60>,1
<stellargraph.core.graph.StellarGraph object at 0x000001F7F10F14F0>,1
<stellargraph.core.graph.StellarGraph object at 0x000001F7F10F5E20>,1
<stellargraph.core.graph.StellarGraph object at 0x000001F7F10F5D60>,1
<stellargraph.core.graph.StellarGraph object at 0x000001F7F10F54F0>,1
<stellargraph.core.graph.StellarGraph object at 0x000001F7F10FBE20>,1
<stellargraph.core.graph.StellarGraph object at 0x000001F7F10FBD60>,1
<stellargraph.core.graph.StellarGraph object at 0x000001F7F10FB4F0>,1
<stellargraph.core.graph.StellarGraph object at 0x000001F7F1100E20>,1
<stellargraph.core.graph.StellarGraph object at 0x000001F7F1100D60>,1
<stellargraph.core.graph.StellarGraph object at 0x000001F7F11004F0>,1
<stellargraph.core.graph.StellarGraph object at 0x000001F7F1105E20>,1
<stellargraph.core.graph.StellarGraph object at 0x000001F7F1105D60>,1
<stellargraph.core.graph.StellarGraph object at 0x000001F7F11054F0>,1
<stellargraph.core.graph.StellarGraph object at 0x000001F7F110CE20>,1
<stellargraph.core.graph.StellarGraph object at 0x000001F7F110CD60>,1
<stellargraph.core.graph.StellarGraph object at 0x000001F7F110C4F0>,1
<stellargraph.core.graph.StellarGraph object at 0x000001F7F1113E20>,1
<stellargraph.core.graph.StellarGraph object at 0x000001F7F1113D60>,1
<stellargraph.core.graph.StellarGraph object at 0x000001F7F11134F0>,1
<stellargraph.core.graph.StellarGraph object at 0x000001F7F1117E20>,1
<stellargraph.core.graph.StellarGraph object at 0x000001F7F1117D60>,1
<stellargraph.core.graph.StellarGraph object at 0x000001F7F11174F0>,1
<stellargraph.core.graph.StellarGraph object at 0x000001F7F111DE20>,1
<stellargraph.core.graph.StellarGraph object at 0x000001F7F111DD60>,1
<stellargraph.core.graph.StellarGraph object at 0x000001F7F111D4F0>,1
<stellargraph.core.graph.StellarGraph object at 0x000001F7F1122E20>,1
<stellargraph.core.graph.StellarGraph object at 0x000001F7F1122D60>,1
<stellargraph.core.graph.StellarGraph object at 0x000001F7F11224F0>,1
<stellargraph.core.graph.StellarGraph object at 0x000001F7F1128E20>,1
<stellargraph.core.graph.StellarGraph object at 0x000001F7F1128D60>,1
<stellargraph.core.graph.StellarGraph object at 0x000001F7F11284F0>,1
<stellargraph.core.graph.StellarGraph object at 0x000001F7F112EE20>,1
<stellargraph.core.graph.StellarGraph object at 0x000001F7F112ED60>,1
<stellargraph.core.graph.StellarGraph object at 0x000001F7F112E4F0>,1
<stellargraph.core.graph.StellarGraph object at 0x000001F7F1132E20>,1
<stellargraph.core.graph.StellarGraph object at 0x000001F7F1132D60>,1
<stellargraph.core.graph.StellarGraph object at 0x000001F7F11324F0>,1
<stellargraph.core.graph.StellarGraph object at 0x000001F7F1139E20>,1
<stellargraph.core.graph.StellarGraph object at 0x000001F7F1139D60>,1
<stellargraph.core.graph.StellarGraph object at 0x000001F7F11394F0>,1
<stellargraph.core.graph.StellarGraph object at 0x000001F7F113DE20>,1
<stellargraph.core.graph.StellarGraph object at 0x000001F7F113DD60>,1
<stellargraph.core.graph.StellarGraph object at 0x000001F7F113D4F0>,1
<stellargraph.core.graph.StellarGraph object at 0x000001F7F1142E20>,1
<stellargraph.core.graph.StellarGraph object at 0x000001F7F1142D60>,1
<stellargraph.core.graph.StellarGraph object at 0x000001F7F11424F0>,1
<stellargraph.core.graph.StellarGraph object at 0x000001F7F1149E20>,1
<stellargraph.core.graph.StellarGraph object at 0x000001F7F1149D60>,1
<stellargraph.core.graph.StellarGraph object at 0x000001F7F11494F0>,1
<stellargraph.core.graph.StellarGraph object at 0x000001F7F1150E20>,1
<stellargraph.core.graph.StellarGraph object at 0x000001F7F1150D60>,1
<stellargraph.core.graph.StellarGraph object at 0x000001F7F11504F0>,1
<stellargraph.core.graph.StellarGraph object at 0x000001F7F1155E20>,1
<stellargraph.core.graph.StellarGraph object at 0x000001F7F1155D60>,1
<stellargraph.core.graph.StellarGraph object at 0x000001F7F11554F0>,1
<stellargraph.core.graph.StellarGraph object at 0x000001F7F115AE20>,1
<stellargraph.core.graph.StellarGraph object at 0x000001F7F115AD60>,1
<stellargraph.core.graph.StellarGraph object at 0x000001F7F115A4F0>,1
<stellargraph.core.graph.StellarGraph object at 0x000001F7F1160E20>,1
<stellargraph.core.graph.StellarGraph object at 0x000001F7F1160D60>,1
<stellargraph.core.graph.StellarGraph object at 0x000001F7F11604F0>,1
<stellargraph.core.graph.StellarGraph object at 0x000001F7F1165E20>,1
<stellargraph.core.graph.StellarGraph object at 0x000001F7F1165D60>,1
<stellargraph.core.graph.StellarGraph object at 0x000001F7F11654F0>,1
<stellargraph.core.graph.StellarGraph object at 0x000001F7F116AE20>,1
<stellargraph.core.graph.StellarGraph object at 0x000001F7F116AD60>,1
<stellargraph.core.graph.StellarGraph object at 0x000001F7F116A4F0>,1
<stellargraph.core.graph.StellarGraph object at 0x000001F7F1170E20>,1
<stellargraph.core.graph.StellarGraph object at 0x000001F7F1170D60>,1
<stellargraph.core.graph.StellarGraph object at 0x000001F7F11704F0>,1
<stellargraph.core.graph.StellarGraph object at 0x000001F7F1176E20>,1
<stellargraph.core.graph.StellarGraph object at 0x000001F7F1176D60>,1
<stellargraph.core.graph.StellarGraph object at 0x000001F7F11764F0>,1
<stellargraph.core.graph.StellarGraph object at 0x000001F7F117CE20>,1
<stellargraph.core.graph.StellarGraph object at 0x000001F7F117CD60>,1
<stellargraph.core.graph.StellarGraph object at 0x000001F7F117C4F0>,1
<stellargraph.core.graph.StellarGraph object at 0x000001F7F1180E20>,1
<stellargraph.core.graph.StellarGraph object at 0x000001F7F1180D60>,1
<stellargraph.core.graph.StellarGraph object at 0x000001F7F11804F0>,1
<stellargraph.core.graph.StellarGraph object at 0x000001F7F1188E20>,1
<stellargraph.core.graph.StellarGraph object at 0x000001F7F1188D60>,1
<stellargraph.core.graph.StellarGraph object at 0x000001F7F11884F0>,1
<stellargraph.core.graph.StellarGraph object at 0x000001F7F118DE20>,1
<stellargraph.core.graph.StellarGraph object at 0x000001F7F118DD60>,1
<stellargraph.core.graph.StellarGraph object at 0x000001F7F118D4F0>,1
<stellargraph.core.graph.StellarGraph object at 0x000001F7F1191E20>,1
<stellargraph.core.graph.StellarGraph object at 0x000001F7F1191D60>,1
<stellargraph.core.graph.StellarGraph object at 0x000001F7F11914F0>,1
<stellargraph.core.graph.StellarGraph object at 0x000001F7F1197E20>,1
<stellargraph.core.graph.StellarGraph object at 0x000001F7F1197D60>,1
<stellargraph.core.graph.StellarGraph object at 0x000001F7F11974F0>,1
<stellargraph.core.graph.StellarGraph object at 0x000001F7F119EE20>,1
<stellargraph.core.graph.StellarGraph object at 0x000001F7F119ED60>,1
<stellargraph.core.graph.StellarGraph object at 0x000001F7F119E4F0>,1
<stellargraph.core.graph.StellarGraph object at 0x000001F7F11A3E20>,1
<stellargraph.core.graph.StellarGraph object at 0x000001F7F11A3D60>,1
<stellargraph.core.graph.StellarGraph object at 0x000001F7F11A34F0>,1
<stellargraph.core.graph.StellarGraph object at 0x000001F7F11A8E20>,1
<stellargraph.core.graph.StellarGraph object at 0x000001F7F11A8D60>,1
<stellargraph.core.graph.StellarGraph object at 0x000001F7F11A84F0>,1
<stellargraph.core.graph.StellarGraph object at 0x000001F7F11AFE20>,1
<stellargraph.core.graph.StellarGraph object at 0x000001F7F11AFD60>,1
<stellargraph.core.graph.StellarGraph object at 0x000001F7F11AF4F0>,1
<stellargraph.core.graph.StellarGraph object at 0x000001F7F11B4E20>,1
<stellargraph.core.graph.StellarGraph object at 0x000001F7F11B4D60>,1
<stellargraph.core.graph.StellarGraph object at 0x000001F7F11B44F0>,1
<stellargraph.core.graph.StellarGraph object at 0x000001F7F11B8E20>,1
<stellargraph.core.graph.StellarGraph object at 0x000001F7F11B8D60>,1
<stellargraph.core.graph.StellarGraph object at 0x000001F7F11B84F0>,1
<stellargraph.core.graph.StellarGraph object at 0x000001F7F11BEE20>,1
<stellargraph.core.graph.StellarGraph object at 0x000001F7F11BED60>,1
<stellargraph.core.graph.StellarGraph object at 0x000001F7F11BE4F0>,1
<stellargraph.core.graph.StellarGraph object at 0x000001F7F11C4E20>,1
<stellargraph.core.graph.StellarGraph object at 0x000001F7F11C4D60>,1
<stellargraph.core.graph.StellarGraph object at 0x000001F7F11C44F0>,1
<stellargraph.core.graph.StellarGraph object at 0x000001F7F11CAE20>,1
<stellargraph.core.graph.StellarGraph object at 0x000001F7F11CAD60>,1
<stellargraph.core.graph.StellarGraph object at 0x000001F7F11CA4F0>,1
<stellargraph.core.graph.StellarGraph object at 0x000001F7F11D0E20>,1
<stellargraph.core.graph.StellarGraph object at 0x000001F7F11D0D60>,1
<stellargraph.core.graph.StellarGraph object at 0x000001F7F11D04F0>,1
<stellargraph.core.graph.StellarGraph object at 0x000001F7F11D6E20>,1
<stellargraph.core.graph.StellarGraph object at 0x000001F7F11D6D60>,1
<stellargraph.core.graph.StellarGraph object at 0x000001F7F11D64F0>,1
<stellargraph.core.graph.StellarGraph object at 0x000001F7F11DBE20>,1
<stellargraph.core.graph.StellarGraph object at 0x000001F7F11DBD60>,1
<stellargraph.core.graph.StellarGraph object at 0x000001F7F11DB4F0>,1
<stellargraph.core.graph.StellarGraph object at 0x000001F7F11DFE20>,1
<stellargraph.core.graph.StellarGraph object at 0x000001F7F11DFD60>,1
<stellargraph.core.graph.StellarGraph object at 0x000001F7F11DF4F0>,1
<stellargraph.core.graph.StellarGraph object at 0x000001F7F11E5E20>,1
<stellargraph.core.graph.StellarGraph object at 0x000001F7F11E5D60>,1
<stellargraph.core.graph.StellarGraph object at 0x000001F7F11E54F0>,1
<stellargraph.core.graph.StellarGraph object at 0x000001F7F11EBE20>,1
<stellargraph.core.graph.StellarGraph object at 0x000001F7F11EBD60>,1
<stellargraph.core.graph.StellarGraph object at 0x000001F7F11EB4F0>,1
<stellargraph.core.graph.StellarGraph object at 0x000001F7F11F1E20>,1
<stellargraph.core.graph.StellarGraph object at 0x000001F7F11F1D60>,1
<stellargraph.core.graph.StellarGraph object at 0x000001F7F11F14F0>,1
<stellargraph.core.graph.StellarGraph object at 0x000001F7F11F7A60>,1
<stellargraph.core.graph.StellarGraph object at 0x000001F7F11F78E0>,1
<stellargraph.core.graph.StellarGraph object at 0x000001F7F11F7CA0>,1
<stellargraph.core.graph.StellarGraph object at 0x000001F7F11FE910>,1
<stellargraph.core.graph.StellarGraph object at 0x000001F7F11FEDF0>,1
<stellargraph.core.graph.StellarGraph object at 0x000001F7F11FEA90>,1
<stellargraph.core.graph.StellarGraph object at 0x000001F7F1202910>,1
<stellargraph.core.graph.StellarGraph object at 0x000001F7F1202DF0>,1
<stellargraph.core.graph.StellarGraph object at 0x000001F7F1202A90>,1
<stellargraph.core.graph.StellarGraph object at 0x000001F7F1207910>,1
<stellargraph.core.graph.StellarGraph object at 0x000001F7F1207DF0>,1
<stellargraph.core.graph.StellarGraph object at 0x000001F7F1207A90>,1
<stellargraph.core.graph.StellarGraph object at 0x000001F7F120C910>,1
<stellargraph.core.graph.StellarGraph object at 0x000001F7F120CDF0>,1
<stellargraph.core.graph.StellarGraph object at 0x000001F7F120CA90>,1
<stellargraph.core.graph.StellarGraph object at 0x000001F7F1213910>,1
<stellargraph.core.graph.StellarGraph object at 0x000001F7F1213DF0>,1
<stellargraph.core.graph.StellarGraph object at 0x000001F7F1213A90>,1
<stellargraph.core.graph.StellarGraph object at 0x000001F7F1218910>,1
<stellargraph.core.graph.StellarGraph object at 0x000001F7F1218DF0>,1
<stellargraph.core.graph.StellarGraph object at 0x000001F7F1218A90>,1
<stellargraph.core.graph.StellarGraph object at 0x000001F7F121D910>,1
<stellargraph.core.graph.StellarGraph object at 0x000001F7F121DDF0>,1
<stellargraph.core.graph.StellarGraph object at 0x000001F7F121DA90>,1
<stellargraph.core.graph.StellarGraph object at 0x000001F7F1224910>,1
<stellargraph.core.graph.StellarGraph object at 0x000001F7F1224DF0>,1
<stellargraph.core.graph.StellarGraph object at 0x000001F7F1224A90>,1
<stellargraph.core.graph.StellarGraph object at 0x000001F7F12299A0>,1
<stellargraph.core.graph.StellarGraph object at 0x000001F7F1229EB0>,1
<stellargraph.core.graph.StellarGraph object at 0x000001F7F1229B50>,1
<stellargraph.core.graph.StellarGraph object at 0x000001F7F122E9D0>,1
<stellargraph.core.graph.StellarGraph object at 0x000001F7F122EEB0>,1
<stellargraph.core.graph.StellarGraph object at 0x000001F7F122EB50>,1
<stellargraph.core.graph.StellarGraph object at 0x000001F7F12369D0>,1
<stellargraph.core.graph.StellarGraph object at 0x000001F7F1236EB0>,1
<stellargraph.core.graph.StellarGraph object at 0x000001F7F1236B50>,1
<stellargraph.core.graph.StellarGraph object at 0x000001F7F123B9D0>,1
<stellargraph.core.graph.StellarGraph object at 0x000001F7F123BEB0>,1
<stellargraph.core.graph.StellarGraph object at 0x000001F7F123BB50>,1
<stellargraph.core.graph.StellarGraph object at 0x000001F7F123F9D0>,1
<stellargraph.core.graph.StellarGraph object at 0x000001F7F123FEB0>,1
<stellargraph.core.graph.StellarGraph object at 0x000001F7F123FB50>,1
<stellargraph.core.graph.StellarGraph object at 0x000001F7F12449D0>,1
<stellargraph.core.graph.StellarGraph object at 0x000001F7F1244EB0>,1
<stellargraph.core.graph.StellarGraph object at 0x000001F7F1244B50>,1
<stellargraph.core.graph.StellarGraph object at 0x000001F7F124B9D0>,1
<stellargraph.core.graph.StellarGraph object at 0x000001F7F124BEB0>,1
<stellargraph.core.graph.StellarGraph object at 0x000001F7F124BB50>,1
<stellargraph.core.graph.StellarGraph object at 0x000001F7F12519D0>,1
<stellargraph.core.graph.StellarGraph object at 0x000001F7F1251EB0>,1
<stellargraph.core.graph.StellarGraph object at 0x000001F7F1251B50>,1
<stellargraph.core.graph.StellarGraph object at 0x000001F7F12559D0>,1
<stellargraph.core.graph.StellarGraph object at 0x000001F7F1255EB0>,1
<stellargraph.core.graph.StellarGraph object at 0x000001F7F1255B50>,1
<stellargraph.core.graph.StellarGraph object at 0x000001F7F125A9D0>,1
<stellargraph.core.graph.StellarGraph object at 0x000001F7F125AEB0>,1
<stellargraph.core.graph.StellarGraph object at 0x000001F7F125AB50>,1
<stellargraph.core.graph.StellarGraph object at 0x000001F7F12609D0>,1
<stellargraph.core.graph.StellarGraph object at 0x000001F7F1260EB0>,1
<stellargraph.core.graph.StellarGraph object at 0x000001F7F1260B50>,1
<stellargraph.core.graph.StellarGraph object at 0x000001F7F12659D0>,1
<stellargraph.core.graph.StellarGraph object at 0x000001F7F1265EB0>,1
<stellargraph.core.graph.StellarGraph object at 0x000001F7F1265B50>,1
<stellargraph.core.graph.StellarGraph object at 0x000001F7F126A9D0>,1
<stellargraph.core.graph.StellarGraph object at 0x000001F7F126AEB0>,1
<stellargraph.core.graph.StellarGraph object at 0x000001F7F126AB50>,1
<stellargraph.core.graph.StellarGraph object at 0x000001F7F12C19D0>,1
<stellargraph.core.graph.StellarGraph object at 0x000001F7F12C1EB0>,1
<stellargraph.core.graph.StellarGraph object at 0x000001F7F12C1B50>,1
<stellargraph.core.graph.StellarGraph object at 0x000001F7F12C79D0>,1
<stellargraph.core.graph.StellarGraph object at 0x000001F7F12C7EB0>,1
<stellargraph.core.graph.StellarGraph object at 0x000001F7F12C7B50>,1
<stellargraph.core.graph.StellarGraph object at 0x000001F7F12CC9D0>,1
<stellargraph.core.graph.StellarGraph object at 0x000001F7F12CCEB0>,1
<stellargraph.core.graph.StellarGraph object at 0x000001F7F12CCB50>,1
<stellargraph.core.graph.StellarGraph object at 0x000001F7F12D09D0>,1
<stellargraph.core.graph.StellarGraph object at 0x000001F7F12D0EB0>,1
<stellargraph.core.graph.StellarGraph object at 0x000001F7F12D0B50>,1
<stellargraph.core.graph.StellarGraph object at 0x000001F7F12D69D0>,1
<stellargraph.core.graph.StellarGraph object at 0x000001F7F12D6EB0>,1
<stellargraph.core.graph.StellarGraph object at 0x000001F7F12D6B50>,1
<stellargraph.core.graph.StellarGraph object at 0x000001F7F12DB9D0>,1
<stellargraph.core.graph.StellarGraph object at 0x000001F7F12DBEB0>,1
<stellargraph.core.graph.StellarGraph object at 0x000001F7F12DBB50>,1
<stellargraph.core.graph.StellarGraph object at 0x000001F7F12E19D0>,1
<stellargraph.core.graph.StellarGraph object at 0x000001F7F12E1EB0>,1
<stellargraph.core.graph.StellarGraph object at 0x000001F7F12E1B50>,1
<stellargraph.core.graph.StellarGraph object at 0x000001F7F12E69D0>,1
<stellargraph.core.graph.StellarGraph object at 0x000001F7F12E6EB0>,1
<stellargraph.core.graph.StellarGraph object at 0x000001F7F12E6B50>,1
<stellargraph.core.graph.StellarGraph object at 0x000001F7F12EB9D0>,1
<stellargraph.core.graph.StellarGraph object at 0x000001F7F12EBEB0>,1
<stellargraph.core.graph.StellarGraph object at 0x000001F7F12EBB50>,1
<stellargraph.core.graph.StellarGraph object at 0x000001F7F12F09D0>,1
<stellargraph.core.graph.StellarGraph object at 0x000001F7F12F0EB0>,1
<stellargraph.core.graph.StellarGraph object at 0x000001F7F12F0B50>,1
<stellargraph.core.graph.StellarGraph object at 0x000001F7F12F79D0>,1
<stellargraph.core.graph.StellarGraph object at 0x000001F7F12F7EB0>,1
<stellargraph.core.graph.StellarGraph object at 0x000001F7F12F7B50>,1
<stellargraph.core.graph.StellarGraph object at 0x000001F7F12FC9D0>,1
<stellargraph.core.graph.StellarGraph object at 0x000001F7F12FCEB0>,1
<stellargraph.core.graph.StellarGraph object at 0x000001F7F12FCB50>,1
<stellargraph.core.graph.StellarGraph object at 0x000001F7F13029D0>,1
<stellargraph.core.graph.StellarGraph object at 0x000001F7F1302EB0>,1
<stellargraph.core.graph.StellarGraph object at 0x000001F7F1302B50>,1
<stellargraph.core.graph.StellarGraph object at 0x000001F7F13069D0>,1
<stellargraph.core.graph.StellarGraph object at 0x000001F7F1306EB0>,1
<stellargraph.core.graph.StellarGraph object at 0x000001F7F1306B50>,1
<stellargraph.core.graph.StellarGraph object at 0x000001F7F130D9D0>,1
<stellargraph.core.graph.StellarGraph object at 0x000001F7F130DEB0>,1
<stellargraph.core.graph.StellarGraph object at 0x000001F7F130DB50>,1
<stellargraph.core.graph.StellarGraph object at 0x000001F7F13119D0>,1
<stellargraph.core.graph.StellarGraph object at 0x000001F7F1311EB0>,1
<stellargraph.core.graph.StellarGraph object at 0x000001F7F1311B50>,1
<stellargraph.core.graph.StellarGraph object at 0x000001F7F13159D0>,1
<stellargraph.core.graph.StellarGraph object at 0x000001F7F1315EB0>,1
<stellargraph.core.graph.StellarGraph object at 0x000001F7F1315B50>,1
<stellargraph.core.graph.StellarGraph object at 0x000001F7F131C9D0>,1
<stellargraph.core.graph.StellarGraph object at 0x000001F7F131CEB0>,1
<stellargraph.core.graph.StellarGraph object at 0x000001F7F131CB50>,1
<stellargraph.core.graph.StellarGraph object at 0x000001F7F13229D0>,1
<stellargraph.core.graph.StellarGraph object at 0x000001F7F1322EB0>,1
<stellargraph.core.graph.StellarGraph object at 0x000001F7F1322B50>,1
<stellargraph.core.graph.StellarGraph object at 0x000001F7F13279D0>,1
<stellargraph.core.graph.StellarGraph object at 0x000001F7F1327EB0>,1
<stellargraph.core.graph.StellarGraph object at 0x000001F7F1327B50>,1
<stellargraph.core.graph.StellarGraph object at 0x000001F7F132C9D0>,1
<stellargraph.core.graph.StellarGraph object at 0x000001F7F132CEB0>,1
<stellargraph.core.graph.StellarGraph object at 0x000001F7F132CB50>,1
<stellargraph.core.graph.StellarGraph object at 0x000001F7F13329D0>,1
<stellargraph.core.graph.StellarGraph object at 0x000001F7F1332EB0>,1
<stellargraph.core.graph.StellarGraph object at 0x000001F7F1332B50>,1
<stellargraph.core.graph.StellarGraph object at 0x000001F7F13379D0>,1
<stellargraph.core.graph.StellarGraph object at 0x000001F7F1337EB0>,1
<stellargraph.core.graph.StellarGraph object at 0x000001F7F1337B50>,1
<stellargraph.core.graph.StellarGraph object at 0x000001F7F133D9D0>,1
<stellargraph.core.graph.StellarGraph object at 0x000001F7F133DEB0>,1
<stellargraph.core.graph.StellarGraph object at 0x000001F7F133DB50>,1
<stellargraph.core.graph.StellarGraph object at 0x000001F7F13429D0>,1
<stellargraph.core.graph.StellarGraph object at 0x000001F7F1342EB0>,1
<stellargraph.core.graph.StellarGraph object at 0x000001F7F1342B50>,1
<stellargraph.core.graph.StellarGraph object at 0x000001F7F13489D0>,1
<stellargraph.core.graph.StellarGraph object at 0x000001F7F1348EB0>,1
<stellargraph.core.graph.StellarGraph object at 0x000001F7F1348B50>,1
<stellargraph.core.graph.StellarGraph object at 0x000001F7F134D9D0>,1
<stellargraph.core.graph.StellarGraph object at 0x000001F7F134DEB0>,1
<stellargraph.core.graph.StellarGraph object at 0x000001F7F134DB50>,1
<stellargraph.core.graph.StellarGraph object at 0x000001F7F13529D0>,1
<stellargraph.core.graph.StellarGraph object at 0x000001F7F1352EB0>,1
<stellargraph.core.graph.StellarGraph object at 0x000001F7F1352B50>,1
<stellargraph.core.graph.StellarGraph object at 0x000001F7F13579D0>,1
<stellargraph.core.graph.StellarGraph object at 0x000001F7F1357EB0>,1
<stellargraph.core.graph.StellarGraph object at 0x000001F7F1357B50>,1
<stellargraph.core.graph.StellarGraph object at 0x000001F7F135D9D0>,1
<stellargraph.core.graph.StellarGraph object at 0x000001F7F135DEB0>,1
<stellargraph.core.graph.StellarGraph object at 0x000001F7F135DB50>,1
<stellargraph.core.graph.StellarGraph object at 0x000001F7F13619D0>,1
<stellargraph.core.graph.StellarGraph object at 0x000001F7F1361EB0>,1
<stellargraph.core.graph.StellarGraph object at 0x000001F7F1361B50>,1
<stellargraph.core.graph.StellarGraph object at 0x000001F7F13689D0>,1
<stellargraph.core.graph.StellarGraph object at 0x000001F7F1368EB0>,1
<stellargraph.core.graph.StellarGraph object at 0x000001F7F1368B50>,1
<stellargraph.core.graph.StellarGraph object at 0x000001F7F136E9D0>,1
<stellargraph.core.graph.StellarGraph object at 0x000001F7F136EEB0>,1
<stellargraph.core.graph.StellarGraph object at 0x000001F7F136EB50>,1
<stellargraph.core.graph.StellarGraph object at 0x000001F7F13739D0>,1
<stellargraph.core.graph.StellarGraph object at 0x000001F7F1373EB0>,1
<stellargraph.core.graph.StellarGraph object at 0x000001F7F1373B50>,1
<stellargraph.core.graph.StellarGraph object at 0x000001F7F13779D0>,1
<stellargraph.core.graph.StellarGraph object at 0x000001F7F1377EB0>,1
<stellargraph.core.graph.StellarGraph object at 0x000001F7F1377B50>,1
<stellargraph.core.graph.StellarGraph object at 0x000001F7F137F9D0>,1
<stellargraph.core.graph.StellarGraph object at 0x000001F7F137FEB0>,1
<stellargraph.core.graph.StellarGraph object at 0x000001F7F137FB50>,1
<stellargraph.core.graph.StellarGraph object at 0x000001F7F13839D0>,2
<stellargraph.core.graph.StellarGraph object at 0x000001F7F1383EB0>,2
<stellargraph.core.graph.StellarGraph object at 0x000001F7F1383B50>,2
<stellargraph.core.graph.StellarGraph object at 0x000001F7F13889D0>,2
<stellargraph.core.graph.StellarGraph object at 0x000001F7F1388EB0>,2
<stellargraph.core.graph.StellarGraph object at 0x000001F7F1388B50>,2
<stellargraph.core.graph.StellarGraph object at 0x000001F7F138C9D0>,2
<stellargraph.core.graph.StellarGraph object at 0x000001F7F138CEB0>,2
<stellargraph.core.graph.StellarGraph object at 0x000001F7F138CB50>,2
<stellargraph.core.graph.StellarGraph object at 0x000001F7F13949D0>,2
<stellargraph.core.graph.StellarGraph object at 0x000001F7F1394EB0>,2
<stellargraph.core.graph.StellarGraph object at 0x000001F7F1394B50>,2
<stellargraph.core.graph.StellarGraph object at 0x000001F7F13999D0>,2
<stellargraph.core.graph.StellarGraph object at 0x000001F7F1399EB0>,2
<stellargraph.core.graph.StellarGraph object at 0x000001F7F1399B50>,2
<stellargraph.core.graph.StellarGraph object at 0x000001F7F139D9D0>,2
<stellargraph.core.graph.StellarGraph object at 0x000001F7F139DEB0>,2
<stellargraph.core.graph.StellarGraph object at 0x000001F7F139DB50>,2
<stellargraph.core.graph.StellarGraph object at 0x000001F7F13A49D0>,2
<stellargraph.core.graph.StellarGraph object at 0x000001F7F13A4EB0>,2
<stellargraph.core.graph.StellarGraph object at 0x000001F7F13A4B50>,2
<stellargraph.core.graph.StellarGraph object at 0x000001F7F13A99D0>,2
<stellargraph.core.graph.StellarGraph object at 0x000001F7F13A9EB0>,2
<stellargraph.core.graph.StellarGraph object at 0x000001F7F13A9B50>,2
<stellargraph.core.graph.StellarGraph object at 0x000001F7F13AE9D0>,2
<stellargraph.core.graph.StellarGraph object at 0x000001F7F13AEEB0>,2
<stellargraph.core.graph.StellarGraph object at 0x000001F7F13AEB50>,2
<stellargraph.core.graph.StellarGraph object at 0x000001F7F13B29D0>,2
<stellargraph.core.graph.StellarGraph object at 0x000001F7F13B2EB0>,2
<stellargraph.core.graph.StellarGraph object at 0x000001F7F13B2B50>,2
<stellargraph.core.graph.StellarGraph object at 0x000001F7F13B99D0>,2
<stellargraph.core.graph.StellarGraph object at 0x000001F7F13B9EB0>,2
<stellargraph.core.graph.StellarGraph object at 0x000001F7F13B9B50>,2
<stellargraph.core.graph.StellarGraph object at 0x000001F7F13BE9D0>,2
<stellargraph.core.graph.StellarGraph object at 0x000001F7F13BEEB0>,2
<stellargraph.core.graph.StellarGraph object at 0x000001F7F13BEB50>,2
<stellargraph.core.graph.StellarGraph object at 0x000001F7F13C49D0>,2
<stellargraph.core.graph.StellarGraph object at 0x000001F7F13C4EB0>,2
<stellargraph.core.graph.StellarGraph object at 0x000001F7F13C4B50>,2
<stellargraph.core.graph.StellarGraph object at 0x000001F7F13C99D0>,2
<stellargraph.core.graph.StellarGraph object at 0x000001F7F13C9EB0>,2
<stellargraph.core.graph.StellarGraph object at 0x000001F7F13C9B50>,2
<stellargraph.core.graph.StellarGraph object at 0x000001F7F13CE9D0>,2
<stellargraph.core.graph.StellarGraph object at 0x000001F7F13CEEB0>,2
<stellargraph.core.graph.StellarGraph object at 0x000001F7F13CEB50>,2
<stellargraph.core.graph.StellarGraph object at 0x000001F7F13D29D0>,2
<stellargraph.core.graph.StellarGraph object at 0x000001F7F13D2EB0>,2
<stellargraph.core.graph.StellarGraph object at 0x000001F7F13D2B50>,2
<stellargraph.core.graph.StellarGraph object at 0x000001F7F13DA9D0>,2
<stellargraph.core.graph.StellarGraph object at 0x000001F7F13DAEB0>,2
<stellargraph.core.graph.StellarGraph object at 0x000001F7F13DAB50>,2
<stellargraph.core.graph.StellarGraph object at 0x000001F7F13DF9D0>,2
<stellargraph.core.graph.StellarGraph object at 0x000001F7F13DFEB0>,2
<stellargraph.core.graph.StellarGraph object at 0x000001F7F13DFB50>,2
<stellargraph.core.graph.StellarGraph object at 0x000001F7F13E49D0>,2
<stellargraph.core.graph.StellarGraph object at 0x000001F7F13E4EB0>,2
<stellargraph.core.graph.StellarGraph object at 0x000001F7F13E4B50>,2
<stellargraph.core.graph.StellarGraph object at 0x000001F7F13E89D0>,2
<stellargraph.core.graph.StellarGraph object at 0x000001F7F13E8EB0>,2
<stellargraph.core.graph.StellarGraph object at 0x000001F7F13E8B50>,2
<stellargraph.core.graph.StellarGraph object at 0x000001F7F13F09D0>,2
<stellargraph.core.graph.StellarGraph object at 0x000001F7F13F0EB0>,2
<stellargraph.core.graph.StellarGraph object at 0x000001F7F13F0B50>,2
<stellargraph.core.graph.StellarGraph object at 0x000001F7F13F49D0>,2
<stellargraph.core.graph.StellarGraph object at 0x000001F7F13F4EB0>,2
<stellargraph.core.graph.StellarGraph object at 0x000001F7F13F4B50>,2
<stellargraph.core.graph.StellarGraph object at 0x000001F7F13FA9D0>,2
<stellargraph.core.graph.StellarGraph object at 0x000001F7F13FAEB0>,2
<stellargraph.core.graph.StellarGraph object at 0x000001F7F13FAB50>,2
<stellargraph.core.graph.StellarGraph object at 0x000001F7F13FE9D0>,2
<stellargraph.core.graph.StellarGraph object at 0x000001F7F13FEEB0>,2
<stellargraph.core.graph.StellarGraph object at 0x000001F7F13FEB50>,2
<stellargraph.core.graph.StellarGraph object at 0x000001F7F14059D0>,2
<stellargraph.core.graph.StellarGraph object at 0x000001F7F1405EB0>,2
<stellargraph.core.graph.StellarGraph object at 0x000001F7F1405B50>,2
<stellargraph.core.graph.StellarGraph object at 0x000001F7F14099D0>,2
<stellargraph.core.graph.StellarGraph object at 0x000001F7F1409EB0>,2
<stellargraph.core.graph.StellarGraph object at 0x000001F7F1409B50>,2
<stellargraph.core.graph.StellarGraph object at 0x000001F7F140E9D0>,2
<stellargraph.core.graph.StellarGraph object at 0x000001F7F140EEB0>,2
<stellargraph.core.graph.StellarGraph object at 0x000001F7F140EB50>,2
<stellargraph.core.graph.StellarGraph object at 0x000001F7F14159D0>,2
<stellargraph.core.graph.StellarGraph object at 0x000001F7F1415EB0>,2
<stellargraph.core.graph.StellarGraph object at 0x000001F7F1415B50>,2
<stellargraph.core.graph.StellarGraph object at 0x000001F7F141B9D0>,2
<stellargraph.core.graph.StellarGraph object at 0x000001F7F141BEB0>,2
<stellargraph.core.graph.StellarGraph object at 0x000001F7F141BB50>,2
<stellargraph.core.graph.StellarGraph object at 0x000001F7F14209D0>,2
<stellargraph.core.graph.StellarGraph object at 0x000001F7F1420EB0>,2
<stellargraph.core.graph.StellarGraph object at 0x000001F7F1420B50>,2
<stellargraph.core.graph.StellarGraph object at 0x000001F7F14249D0>,2
<stellargraph.core.graph.StellarGraph object at 0x000001F7F1424EB0>,2
<stellargraph.core.graph.StellarGraph object at 0x000001F7F1424B50>,2
<stellargraph.core.graph.StellarGraph object at 0x000001F7F142A9D0>,2
<stellargraph.core.graph.StellarGraph object at 0x000001F7F142AEB0>,2
<stellargraph.core.graph.StellarGraph object at 0x000001F7F142AB50>,2
<stellargraph.core.graph.StellarGraph object at 0x000001F7F142F9D0>,2
<stellargraph.core.graph.StellarGraph object at 0x000001F7F142FEB0>,2
<stellargraph.core.graph.StellarGraph object at 0x000001F7F142FB50>,2
<stellargraph.core.graph.StellarGraph object at 0x000001F7F14359D0>,2
<stellargraph.core.graph.StellarGraph object at 0x000001F7F1435EB0>,2
<stellargraph.core.graph.StellarGraph object at 0x000001F7F1435B50>,2
<stellargraph.core.graph.StellarGraph object at 0x000001F7F143A9D0>,2
<stellargraph.core.graph.StellarGraph object at 0x000001F7F143AEB0>,2
<stellargraph.core.graph.StellarGraph object at 0x000001F7F143AB50>,2
<stellargraph.core.graph.StellarGraph object at 0x000001F7F143F9D0>,2
<stellargraph.core.graph.StellarGraph object at 0x000001F7F143FEB0>,2
<stellargraph.core.graph.StellarGraph object at 0x000001F7F143FB50>,2
<stellargraph.core.graph.StellarGraph object at 0x000001F7F14439D0>,2
<stellargraph.core.graph.StellarGraph object at 0x000001F7F1443EB0>,2
<stellargraph.core.graph.StellarGraph object at 0x000001F7F1443B50>,2
<stellargraph.core.graph.StellarGraph object at 0x000001F7F144B9D0>,2
<stellargraph.core.graph.StellarGraph object at 0x000001F7F144BEB0>,2
<stellargraph.core.graph.StellarGraph object at 0x000001F7F144BB50>,2
<stellargraph.core.graph.StellarGraph object at 0x000001F7F14509D0>,2
<stellargraph.core.graph.StellarGraph object at 0x000001F7F1450EB0>,2
<stellargraph.core.graph.StellarGraph object at 0x000001F7F1450B50>,2
<stellargraph.core.graph.StellarGraph object at 0x000001F7F14569D0>,2
<stellargraph.core.graph.StellarGraph object at 0x000001F7F1456EB0>,2
<stellargraph.core.graph.StellarGraph object at 0x000001F7F1456B50>,2
<stellargraph.core.graph.StellarGraph object at 0x000001F7F145A9D0>,2
<stellargraph.core.graph.StellarGraph object at 0x000001F7F145AEB0>,2
<stellargraph.core.graph.StellarGraph object at 0x000001F7F145AB50>,2
<stellargraph.core.graph.StellarGraph object at 0x000001F7F14619D0>,2
<stellargraph.core.graph.StellarGraph object at 0x000001F7F1461EB0>,2
<stellargraph.core.graph.StellarGraph object at 0x000001F7F1461B50>,2
<stellargraph.core.graph.StellarGraph object at 0x000001F7F14659D0>,2
<stellargraph.core.graph.StellarGraph object at 0x000001F7F1465EB0>,2
<stellargraph.core.graph.StellarGraph object at 0x000001F7F1465B50>,2
<stellargraph.core.graph.StellarGraph object at 0x000001F7F146A9D0>,2
<stellargraph.core.graph.StellarGraph object at 0x000001F7F146AEB0>,2
<stellargraph.core.graph.StellarGraph object at 0x000001F7F146AB50>,2
<stellargraph.core.graph.StellarGraph object at 0x000001F7F146E9D0>,2
<stellargraph.core.graph.StellarGraph object at 0x000001F7F146EEB0>,2
<stellargraph.core.graph.StellarGraph object at 0x000001F7F146EB50>,2
<stellargraph.core.graph.StellarGraph object at 0x000001F7F14779D0>,2
<stellargraph.core.graph.StellarGraph object at 0x000001F7F1477EB0>,2
<stellargraph.core.graph.StellarGraph object at 0x000001F7F1477B50>,2
<stellargraph.core.graph.StellarGraph object at 0x000001F7F147B9D0>,2
<stellargraph.core.graph.StellarGraph object at 0x000001F7F147BEB0>,2
<stellargraph.core.graph.StellarGraph object at 0x000001F7F147BB50>,2
<stellargraph.core.graph.StellarGraph object at 0x000001F7F14809D0>,2
<stellargraph.core.graph.StellarGraph object at 0x000001F7F1480EB0>,2
<stellargraph.core.graph.StellarGraph object at 0x000001F7F1480B50>,2
<stellargraph.core.graph.StellarGraph object at 0x000001F7F14869D0>,2
<stellargraph.core.graph.StellarGraph object at 0x000001F7F1486EB0>,2
<stellargraph.core.graph.StellarGraph object at 0x000001F7F1486B50>,2
<stellargraph.core.graph.StellarGraph object at 0x000001F7F148C9D0>,2
<stellargraph.core.graph.StellarGraph object at 0x000001F7F148CEB0>,2
<stellargraph.core.graph.StellarGraph object at 0x000001F7F148CB50>,2
<stellargraph.core.graph.StellarGraph object at 0x000001F7F14919D0>,2
<stellargraph.core.graph.StellarGraph object at 0x000001F7F1491EB0>,2
<stellargraph.core.graph.StellarGraph object at 0x000001F7F1491B50>,2
<stellargraph.core.graph.StellarGraph object at 0x000001F7F14969D0>,2
<stellargraph.core.graph.StellarGraph object at 0x000001F7F1496EB0>,2
<stellargraph.core.graph.StellarGraph object at 0x000001F7F1496B50>,2
<stellargraph.core.graph.StellarGraph object at 0x000001F7F149B9D0>,2
<stellargraph.core.graph.StellarGraph object at 0x000001F7F149BEB0>,2
<stellargraph.core.graph.StellarGraph object at 0x000001F7F149BB50>,2
<stellargraph.core.graph.StellarGraph object at 0x000001F7F14A19D0>,2
<stellargraph.core.graph.StellarGraph object at 0x000001F7F14A1EB0>,2
<stellargraph.core.graph.StellarGraph object at 0x000001F7F14A1B50>,2
<stellargraph.core.graph.StellarGraph object at 0x000001F7F14A69D0>,2
<stellargraph.core.graph.StellarGraph object at 0x000001F7F14A6EB0>,2
<stellargraph.core.graph.StellarGraph object at 0x000001F7F14A6B50>,2
<stellargraph.core.graph.StellarGraph object at 0x000001F7F14AB9D0>,2
<stellargraph.core.graph.StellarGraph object at 0x000001F7F14ABEB0>,2
<stellargraph.core.graph.StellarGraph object at 0x000001F7F14ABB50>,2
<stellargraph.core.graph.StellarGraph object at 0x000001F7F14B19D0>,2
<stellargraph.core.graph.StellarGraph object at 0x000001F7F14B1EB0>,2
<stellargraph.core.graph.StellarGraph object at 0x000001F7F14B1B50>,2
<stellargraph.core.graph.StellarGraph object at 0x000001F7F14B59D0>,2
<stellargraph.core.graph.StellarGraph object at 0x000001F7F14B5EB0>,2
<stellargraph.core.graph.StellarGraph object at 0x000001F7F14B5B50>,2
<stellargraph.core.graph.StellarGraph object at 0x000001F7F14BC9D0>,2
<stellargraph.core.graph.StellarGraph object at 0x000001F7F14BCEB0>,2
<stellargraph.core.graph.StellarGraph object at 0x000001F7F14BCB50>,2
<stellargraph.core.graph.StellarGraph object at 0x000001F7F14C19D0>,2
<stellargraph.core.graph.StellarGraph object at 0x000001F7F14C1EB0>,2
<stellargraph.core.graph.StellarGraph object at 0x000001F7F14C1B50>,2
<stellargraph.core.graph.StellarGraph object at 0x000001F7F14C69D0>,2
<stellargraph.core.graph.StellarGraph object at 0x000001F7F14C6EB0>,2
<stellargraph.core.graph.StellarGraph object at 0x000001F7F14C6B50>,2
<stellargraph.core.graph.StellarGraph object at 0x000001F7F14CA9D0>,2
<stellargraph.core.graph.StellarGraph object at 0x000001F7F14CAEB0>,2
<stellargraph.core.graph.StellarGraph object at 0x000001F7F14CAB50>,2
<stellargraph.core.graph.StellarGraph object at 0x000001F7F14D39D0>,2
<stellargraph.core.graph.StellarGraph object at 0x000001F7F14D3EB0>,2
<stellargraph.core.graph.StellarGraph object at 0x000001F7F14D3B50>,2
<stellargraph.core.graph.StellarGraph object at 0x000001F7F14D79D0>,2
<stellargraph.core.graph.StellarGraph object at 0x000001F7F14D7EB0>,2
<stellargraph.core.graph.StellarGraph object at 0x000001F7F14D7B50>,2
<stellargraph.core.graph.StellarGraph object at 0x000001F7F14DC9D0>,2
<stellargraph.core.graph.StellarGraph object at 0x000001F7F14DCEB0>,2
<stellargraph.core.graph.StellarGraph object at 0x000001F7F14DCB50>,2
<stellargraph.core.graph.StellarGraph object at 0x000001F7F14E09D0>,2
<stellargraph.core.graph.StellarGraph object at 0x000001F7F14E0EB0>,2
<stellargraph.core.graph.StellarGraph object at 0x000001F7F14E0B50>,2
<stellargraph.core.graph.StellarGraph object at 0x000001F7F14E79D0>,2
<stellargraph.core.graph.StellarGraph object at 0x000001F7F14E7EB0>,2
<stellargraph.core.graph.StellarGraph object at 0x000001F7F14E7B50>,2
<stellargraph.core.graph.StellarGraph object at 0x000001F7F14EB9D0>,2
<stellargraph.core.graph.StellarGraph object at 0x000001F7F14EBEB0>,2
<stellargraph.core.graph.StellarGraph object at 0x000001F7F14EBB50>,2
<stellargraph.core.graph.StellarGraph object at 0x000001F7F14F19D0>,2
<stellargraph.core.graph.StellarGraph object at 0x000001F7F14F1EB0>,2
<stellargraph.core.graph.StellarGraph object at 0x000001F7F14F1B50>,2
<stellargraph.core.graph.StellarGraph object at 0x000001F7F14F89D0>,2
<stellargraph.core.graph.StellarGraph object at 0x000001F7F14F8EB0>,2
<stellargraph.core.graph.StellarGraph object at 0x000001F7F14F8B50>,2
<stellargraph.core.graph.StellarGraph object at 0x000001F7F14FE9D0>,2
<stellargraph.core.graph.StellarGraph object at 0x000001F7F14FEEB0>,2
<stellargraph.core.graph.StellarGraph object at 0x000001F7F14FEB50>,2
<stellargraph.core.graph.StellarGraph object at 0x000001F7F15029D0>,2
<stellargraph.core.graph.StellarGraph object at 0x000001F7F1502EB0>,2
<stellargraph.core.graph.StellarGraph object at 0x000001F7F1502B50>,2
<stellargraph.core.graph.StellarGraph object at 0x000001F7F15079D0>,2
<stellargraph.core.graph.StellarGraph object at 0x000001F7F1507EB0>,2
<stellargraph.core.graph.StellarGraph object at 0x000001F7F1507B50>,2
<stellargraph.core.graph.StellarGraph object at 0x000001F7F150D9D0>,2
<stellargraph.core.graph.StellarGraph object at 0x000001F7F150DEB0>,2
<stellargraph.core.graph.StellarGraph object at 0x000001F7F150DB50>,2
<stellargraph.core.graph.StellarGraph object at 0x000001F7F15139D0>,2
<stellargraph.core.graph.StellarGraph object at 0x000001F7F1513EB0>,2
<stellargraph.core.graph.StellarGraph object at 0x000001F7F1513B50>,2
<stellargraph.core.graph.StellarGraph object at 0x000001F7F15179D0>,2
<stellargraph.core.graph.StellarGraph object at 0x000001F7F1517EB0>,2
<stellargraph.core.graph.StellarGraph object at 0x000001F7F1517B50>,2
<stellargraph.core.graph.StellarGraph object at 0x000001F7F151D9D0>,2
<stellargraph.core.graph.StellarGraph object at 0x000001F7F151DEB0>,2
<stellargraph.core.graph.StellarGraph object at 0x000001F7F151DB50>,2
<stellargraph.core.graph.StellarGraph object at 0x000001F7F15219D0>,2
<stellargraph.core.graph.StellarGraph object at 0x000001F7F1521EB0>,2
<stellargraph.core.graph.StellarGraph object at 0x000001F7F1521B50>,2
<stellargraph.core.graph.StellarGraph object at 0x000001F7F15279D0>,2
<stellargraph.core.graph.StellarGraph object at 0x000001F7F1527EB0>,2
<stellargraph.core.graph.StellarGraph object at 0x000001F7F1527B50>,2
<stellargraph.core.graph.StellarGraph object at 0x000001F7F152E9D0>,2
<stellargraph.core.graph.StellarGraph object at 0x000001F7F152EEB0>,2
<stellargraph.core.graph.StellarGraph object at 0x000001F7F152EB50>,2
<stellargraph.core.graph.StellarGraph object at 0x000001F7F15339D0>,2
<stellargraph.core.graph.StellarGraph object at 0x000001F7F1533EB0>,2
<stellargraph.core.graph.StellarGraph object at 0x000001F7F1533B50>,2
<stellargraph.core.graph.StellarGraph object at 0x000001F7F15389D0>,2
<stellargraph.core.graph.StellarGraph object at 0x000001F7F1538EB0>,2
<stellargraph.core.graph.StellarGraph object at 0x000001F7F1538B50>,2
<stellargraph.core.graph.StellarGraph object at 0x000001F7F153C9D0>,2
<stellargraph.core.graph.StellarGraph object at 0x000001F7F153CEB0>,2
<stellargraph.core.graph.StellarGraph object at 0x000001F7F153CB50>,2
<stellargraph.core.graph.StellarGraph object at 0x000001F7F15439D0>,2
<stellargraph.core.graph.StellarGraph object at 0x000001F7F1543EB0>,2
<stellargraph.core.graph.StellarGraph object at 0x000001F7F1543B50>,2
<stellargraph.core.graph.StellarGraph object at 0x000001F7F15479D0>,2
<stellargraph.core.graph.StellarGraph object at 0x000001F7F1547EB0>,2
<stellargraph.core.graph.StellarGraph object at 0x000001F7F1547B50>,2
<stellargraph.core.graph.StellarGraph object at 0x000001F7F154D9D0>,2
<stellargraph.core.graph.StellarGraph object at 0x000001F7F154DEB0>,2
<stellargraph.core.graph.StellarGraph object at 0x000001F7F154DB50>,2
<stellargraph.core.graph.StellarGraph object at 0x000001F7F15529D0>,2
<stellargraph.core.graph.StellarGraph object at 0x000001F7F1552EB0>,2
<stellargraph.core.graph.StellarGraph object at 0x000001F7F1552B50>,2
<stellargraph.core.graph.StellarGraph object at 0x000001F7F15599D0>,2
<stellargraph.core.graph.StellarGraph object at 0x000001F7F1559EB0>,2
<stellargraph.core.graph.StellarGraph object at 0x000001F7F1559B50>,2
<stellargraph.core.graph.StellarGraph object at 0x000001F7F155D9D0>,2
<stellargraph.core.graph.StellarGraph object at 0x000001F7F155DEB0>,2
<stellargraph.core.graph.StellarGraph object at 0x000001F7F155DB50>,2
<stellargraph.core.graph.StellarGraph object at 0x000001F7F15629D0>,2
<stellargraph.core.graph.StellarGraph object at 0x000001F7F1562EB0>,2
<stellargraph.core.graph.StellarGraph object at 0x000001F7F1562B50>,2
<stellargraph.core.graph.StellarGraph object at 0x000001F7F15689D0>,2
<stellargraph.core.graph.StellarGraph object at 0x000001F7F1568EB0>,2
<stellargraph.core.graph.StellarGraph object at 0x000001F7F1568B50>,2
<stellargraph.core.graph.StellarGraph object at 0x000001F7F156F9D0>,2
<stellargraph.core.graph.StellarGraph object at 0x000001F7F156FEB0>,2
<stellargraph.core.graph.StellarGraph object at 0x000001F7F156FB50>,2
<stellargraph.core.graph.StellarGraph object at 0x000001F7F15739D0>,2
<stellargraph.core.graph.StellarGraph object at 0x000001F7F1573EB0>,2
<stellargraph.core.graph.StellarGraph object at 0x000001F7F1573B50>,2
<stellargraph.core.graph.StellarGraph object at 0x000001F7F15789D0>,2
<stellargraph.core.graph.StellarGraph object at 0x000001F7F1578EB0>,2
<stellargraph.core.graph.StellarGraph object at 0x000001F7F1578B50>,2
<stellargraph.core.graph.StellarGraph object at 0x000001F7F157D9D0>,2
<stellargraph.core.graph.StellarGraph object at 0x000001F7F157DEB0>,2
<stellargraph.core.graph.StellarGraph object at 0x000001F7F157DB50>,2
<stellargraph.core.graph.StellarGraph object at 0x000001F7F15849D0>,2
<stellargraph.core.graph.StellarGraph object at 0x000001F7F1584EB0>,2
<stellargraph.core.graph.StellarGraph object at 0x000001F7F1584B50>,2
<stellargraph.core.graph.StellarGraph object at 0x000001F7F15899D0>,2
<stellargraph.core.graph.StellarGraph object at 0x000001F7F1589EB0>,2
<stellargraph.core.graph.StellarGraph object at 0x000001F7F1589B50>,2
<stellargraph.core.graph.StellarGraph object at 0x000001F7F158F9D0>,2
<stellargraph.core.graph.StellarGraph object at 0x000001F7F158FEB0>,2
<stellargraph.core.graph.StellarGraph object at 0x000001F7F158FB50>,2
<stellargraph.core.graph.StellarGraph object at 0x000001F7F15939D0>,2
<stellargraph.core.graph.StellarGraph object at 0x000001F7F1593EB0>,2
<stellargraph.core.graph.StellarGraph object at 0x000001F7F1593B50>,2
<stellargraph.core.graph.StellarGraph object at 0x000001F7F15989D0>,2
<stellargraph.core.graph.StellarGraph object at 0x000001F7F1598EB0>,2
<stellargraph.core.graph.StellarGraph object at 0x000001F7F1598B50>,2
<stellargraph.core.graph.StellarGraph object at 0x000001F7F159E9D0>,2
<stellargraph.core.graph.StellarGraph object at 0x000001F7F159EEB0>,2
<stellargraph.core.graph.StellarGraph object at 0x000001F7F159EB50>,2
<stellargraph.core.graph.StellarGraph object at 0x000001F7F15A49D0>,2
<stellargraph.core.graph.StellarGraph object at 0x000001F7F15A4EB0>,2
<stellargraph.core.graph.StellarGraph object at 0x000001F7F15A4B50>,2
<stellargraph.core.graph.StellarGraph object at 0x000001F7F15A99D0>,2
<stellargraph.core.graph.StellarGraph object at 0x000001F7F15A9EB0>,2
<stellargraph.core.graph.StellarGraph object at 0x000001F7F15A9B50>,2
<stellargraph.core.graph.StellarGraph object at 0x000001F7F15AF9D0>,2
<stellargraph.core.graph.StellarGraph object at 0x000001F7F15AFEB0>,2
<stellargraph.core.graph.StellarGraph object at 0x000001F7F15AFB50>,2
<stellargraph.core.graph.StellarGraph object at 0x000001F7F15B59D0>,2
<stellargraph.core.graph.StellarGraph object at 0x000001F7F15B5EB0>,2
<stellargraph.core.graph.StellarGraph object at 0x000001F7F15B5B50>,2
<stellargraph.core.graph.StellarGraph object at 0x000001F7F15B99D0>,2
<stellargraph.core.graph.StellarGraph object at 0x000001F7F15B9EB0>,2
<stellargraph.core.graph.StellarGraph object at 0x000001F7F15B9B50>,2
<stellargraph.core.graph.StellarGraph object at 0x000001F7F15BE9D0>,2
<stellargraph.core.graph.StellarGraph object at 0x000001F7F15BEEB0>,2
<stellargraph.core.graph.StellarGraph object at 0x000001F7F15BEB50>,2
<stellargraph.core.graph.StellarGraph object at 0x000001F7F15C29D0>,2
<stellargraph.core.graph.StellarGraph object at 0x000001F7F15C2EB0>,2
<stellargraph.core.graph.StellarGraph object at 0x000001F7F15C2B50>,2
<stellargraph.core.graph.StellarGraph object at 0x000001F7F15CA9D0>,2
<stellargraph.core.graph.StellarGraph object at 0x000001F7F15CAEB0>,2
<stellargraph.core.graph.StellarGraph object at 0x000001F7F15CAB50>,2
<stellargraph.core.graph.StellarGraph object at 0x000001F7F15CE9D0>,2
<stellargraph.core.graph.StellarGraph object at 0x000001F7F15CEEB0>,2
<stellargraph.core.graph.StellarGraph object at 0x000001F7F15CEB50>,2
<stellargraph.core.graph.StellarGraph object at 0x000001F7F15D39D0>,2
<stellargraph.core.graph.StellarGraph object at 0x000001F7F15D3EB0>,2
<stellargraph.core.graph.StellarGraph object at 0x000001F7F15D3B50>,2
<stellargraph.core.graph.StellarGraph object at 0x000001F7F15DA9D0>,2
<stellargraph.core.graph.StellarGraph object at 0x000001F7F15DAEB0>,2
<stellargraph.core.graph.StellarGraph object at 0x000001F7F15DAB50>,2
<stellargraph.core.graph.StellarGraph object at 0x000001F7F15E09D0>,2
<stellargraph.core.graph.StellarGraph object at 0x000001F7F15E0EB0>,2
<stellargraph.core.graph.StellarGraph object at 0x000001F7F15E0B50>,2
<stellargraph.core.graph.StellarGraph object at 0x000001F7F15E49D0>,2
<stellargraph.core.graph.StellarGraph object at 0x000001F7F15E4EB0>,2
<stellargraph.core.graph.StellarGraph object at 0x000001F7F15E4B50>,2
<stellargraph.core.graph.StellarGraph object at 0x000001F7F15EA9D0>,2
<stellargraph.core.graph.StellarGraph object at 0x000001F7F15EA850>,2
<stellargraph.core.graph.StellarGraph object at 0x000001F7F15EA610>,2
<stellargraph.core.graph.StellarGraph object at 0x000001F7F15EFA00>,2
<stellargraph.core.graph.StellarGraph object at 0x000001F7F15EFEE0>,2
<stellargraph.core.graph.StellarGraph object at 0x000001F7F15EFB80>,2
<stellargraph.core.graph.StellarGraph object at 0x000001F7F15F5A00>,2
<stellargraph.core.graph.StellarGraph object at 0x000001F7F15F5EE0>,2
<stellargraph.core.graph.StellarGraph object at 0x000001F7F15F9DC0>,2
<stellargraph.core.graph.StellarGraph object at 0x000001F7F15F9A00>,2
<stellargraph.core.graph.StellarGraph object at 0x000001F7F15F99D0>,2
<stellargraph.core.graph.StellarGraph object at 0x000001F7F15FF520>,2
<stellargraph.core.graph.StellarGraph object at 0x000001F7F15FFA30>,2
<stellargraph.core.graph.StellarGraph object at 0x000001F7F15FF670>,2
<stellargraph.core.graph.StellarGraph object at 0x000001F7F15FFBB0>,2
<stellargraph.core.graph.StellarGraph object at 0x000001F7F1605970>,2
<stellargraph.core.graph.StellarGraph object at 0x000001F7F1605F40>,2
<stellargraph.core.graph.StellarGraph object at 0x000001F7F160AE50>,2
<stellargraph.core.graph.StellarGraph object at 0x000001F7F160AA90>,2
<stellargraph.core.graph.StellarGraph object at 0x000001F7F1610970>,2
<stellargraph.core.graph.StellarGraph object at 0x000001F7F1610EB0>,2
<stellargraph.core.graph.StellarGraph object at 0x000001F7F1610190>,2
<stellargraph.core.graph.StellarGraph object at 0x000001F7F1610490>,2
<stellargraph.core.graph.StellarGraph object at 0x000001F7F1610F40>,2
<stellargraph.core.graph.StellarGraph object at 0x000001F7F1616BB0>,2
<stellargraph.core.graph.StellarGraph object at 0x000001F7F1616F40>,2
<stellargraph.core.graph.StellarGraph object at 0x000001F7F1616D30>,2
<stellargraph.core.graph.StellarGraph object at 0x000001F7F161ABB0>,2
<stellargraph.core.graph.StellarGraph object at 0x000001F7F161AF40>,2
<stellargraph.core.graph.StellarGraph object at 0x000001F7F161AD30>,2
<stellargraph.core.graph.StellarGraph object at 0x000001F7F161FBB0>,2
<stellargraph.core.graph.StellarGraph object at 0x000001F7F161FF40>,2
<stellargraph.core.graph.StellarGraph object at 0x000001F7F161FD30>,2
<stellargraph.core.graph.StellarGraph object at 0x000001F7F1625BB0>,2
<stellargraph.core.graph.StellarGraph object at 0x000001F7F1625F40>,2
<stellargraph.core.graph.StellarGraph object at 0x000001F7F1625D30>,2
<stellargraph.core.graph.StellarGraph object at 0x000001F7F162BBB0>,2
<stellargraph.core.graph.StellarGraph object at 0x000001F7F162BF40>,2
<stellargraph.core.graph.StellarGraph object at 0x000001F7F162BD30>,2
<stellargraph.core.graph.StellarGraph object at 0x000001F7F1630BB0>,2
<stellargraph.core.graph.StellarGraph object at 0x000001F7F1630F40>,2
<stellargraph.core.graph.StellarGraph object at 0x000001F7F1630D30>,2
<stellargraph.core.graph.StellarGraph object at 0x000001F7F1635BB0>,2
<stellargraph.core.graph.StellarGraph object at 0x000001F7F1635F40>,2
<stellargraph.core.graph.StellarGraph object at 0x000001F7F1635D30>,2
<stellargraph.core.graph.StellarGraph object at 0x000001F7F163BBB0>,2
<stellargraph.core.graph.StellarGraph object at 0x000001F7F163BF40>,2
<stellargraph.core.graph.StellarGraph object at 0x000001F7F163BD30>,2
<stellargraph.core.graph.StellarGraph object at 0x000001F7F1640BB0>,2
<stellargraph.core.graph.StellarGraph object at 0x000001F7F1640F40>,2
<stellargraph.core.graph.StellarGraph object at 0x000001F7F1640D30>,2
<stellargraph.core.graph.StellarGraph object at 0x000001F7F1644BB0>,2
<stellargraph.core.graph.StellarGraph object at 0x000001F7F1644F40>,2
<stellargraph.core.graph.StellarGraph object at 0x000001F7F1644D30>,2
<stellargraph.core.graph.StellarGraph object at 0x000001F7F164CBB0>,2
<stellargraph.core.graph.StellarGraph object at 0x000001F7F164CF40>,2
<stellargraph.core.graph.StellarGraph object at 0x000001F7F164CD30>,2
<stellargraph.core.graph.StellarGraph object at 0x000001F7F1650BB0>,2
<stellargraph.core.graph.StellarGraph object at 0x000001F7F1650F40>,2
<stellargraph.core.graph.StellarGraph object at 0x000001F7F1650D30>,2
<stellargraph.core.graph.StellarGraph object at 0x000001F7F1656BB0>,2
<stellargraph.core.graph.StellarGraph object at 0x000001F7F1656F40>,2
<stellargraph.core.graph.StellarGraph object at 0x000001F7F1656D30>,2
<stellargraph.core.graph.StellarGraph object at 0x000001F7F165BBB0>,2
<stellargraph.core.graph.StellarGraph object at 0x000001F7F165BF40>,2
<stellargraph.core.graph.StellarGraph object at 0x000001F7F165BD30>,2
<stellargraph.core.graph.StellarGraph object at 0x000001F7F1660BB0>,2
<stellargraph.core.graph.StellarGraph object at 0x000001F7F1660F40>,2
<stellargraph.core.graph.StellarGraph object at 0x000001F7F1660D30>,2
<stellargraph.core.graph.StellarGraph object at 0x000001F7F1665BB0>,2
<stellargraph.core.graph.StellarGraph object at 0x000001F7F1665F40>,2
<stellargraph.core.graph.StellarGraph object at 0x000001F7F1665D30>,2
<stellargraph.core.graph.StellarGraph object at 0x000001F7F166BBB0>,2
<stellargraph.core.graph.StellarGraph object at 0x000001F7F166BF40>,2
<stellargraph.core.graph.StellarGraph object at 0x000001F7F166BD30>,2
<stellargraph.core.graph.StellarGraph object at 0x000001F7F1671BB0>,2
<stellargraph.core.graph.StellarGraph object at 0x000001F7F1671F40>,2
<stellargraph.core.graph.StellarGraph object at 0x000001F7F1671D30>,2
<stellargraph.core.graph.StellarGraph object at 0x000001F7F1675BB0>,2
<stellargraph.core.graph.StellarGraph object at 0x000001F7F1675F40>,2
<stellargraph.core.graph.StellarGraph object at 0x000001F7F1675D30>,2
<stellargraph.core.graph.StellarGraph object at 0x000001F7F167ABB0>,2
<stellargraph.core.graph.StellarGraph object at 0x000001F7F167AF40>,2
<stellargraph.core.graph.StellarGraph object at 0x000001F7F167AD30>,2
<stellargraph.core.graph.StellarGraph object at 0x000001F7F1680BB0>,2
<stellargraph.core.graph.StellarGraph object at 0x000001F7F1680F40>,2
<stellargraph.core.graph.StellarGraph object at 0x000001F7F1680D30>,2
<stellargraph.core.graph.StellarGraph object at 0x000001F7F1687BB0>,2
<stellargraph.core.graph.StellarGraph object at 0x000001F7F1687F40>,2
<stellargraph.core.graph.StellarGraph object at 0x000001F7F1687D30>,2
<stellargraph.core.graph.StellarGraph object at 0x000001F7F168CBB0>,2
<stellargraph.core.graph.StellarGraph object at 0x000001F7F168CF40>,2
<stellargraph.core.graph.StellarGraph object at 0x000001F7F168CD30>,2
<stellargraph.core.graph.StellarGraph object at 0x000001F7F1691BB0>,2
<stellargraph.core.graph.StellarGraph object at 0x000001F7F1691F40>,2
<stellargraph.core.graph.StellarGraph object at 0x000001F7F1691D30>,2
<stellargraph.core.graph.StellarGraph object at 0x000001F7F1697BB0>,2
<stellargraph.core.graph.StellarGraph object at 0x000001F7F1697F40>,2
<stellargraph.core.graph.StellarGraph object at 0x000001F7F1697D30>,2
<stellargraph.core.graph.StellarGraph object at 0x000001F7F169CBB0>,2
<stellargraph.core.graph.StellarGraph object at 0x000001F7F169CF40>,2
<stellargraph.core.graph.StellarGraph object at 0x000001F7F169CD30>,2
<stellargraph.core.graph.StellarGraph object at 0x000001F7F16A0BB0>,2
<stellargraph.core.graph.StellarGraph object at 0x000001F7F16A0F40>,2
<stellargraph.core.graph.StellarGraph object at 0x000001F7F16A0D30>,2
<stellargraph.core.graph.StellarGraph object at 0x000001F7F16A5BB0>,2
<stellargraph.core.graph.StellarGraph object at 0x000001F7F16A5F40>,2
<stellargraph.core.graph.StellarGraph object at 0x000001F7F16A5D30>,2
